id,vehicle_id,vendor_id,service_type,cost,odometer,date
maint_1,vehicle_67,vendor_maint_21,Brake Service,13288,129539,2025-01-02T12:07:13.895810
maint_2,vehicle_66,vendor_maint_27,Tyre Replacement,32165,66461,2025-01-02T21:24:08.453008
maint_3,vehicle_20,vendor_maint_12,Brake Service,24860,40129,2025-01-03T20:01:17.916406
maint_4,vehicle_64,vendor_maint_21,Oil Change,18907,64861,2025-01-03T11:18:33.791975
maint_5,vehicle_50,vendor_maint_46,Brake Service,33372,33387,2025-01-03T22:38:15.485512
maint_6,vehicle_59,vendor_maint_36,Tyre Replacement,9427,70781,2025-01-05T02:29:09.216715
maint_7,vehicle_6,vendor_maint_43,Oil Change,23178,112688,2025-01-05T15:47:37.679499
maint_8,vehicle_12,vendor_maint_35,Brake Service,25999,133864,2025-01-04T21:25:56.104002
maint_9,vehicle_52,vendor_maint_21,Tyre Replacement,29609,103051,2025-01-04T18:52:19.748225
maint_10,vehicle_29,vendor_maint_45,Brake Service,21575,50730,2025-01-05T11:38:21.439229
maint_11,vehicle_9,vendor_maint_2,Brake Service,12549,95759,2025-01-06T06:40:09.538110
maint_12,vehicle_2,vendor_maint_1,Tyre Replacement,17592,16759,2025-01-06T00:19:15.815025
maint_13,vehicle_63,vendor_maint_2,Brake Service,20386,60195,2025-01-06T08:31:33.805448
maint_14,vehicle_65,vendor_maint_40,Oil Change,9873,107420,2025-01-08T10:04:57.805155
maint_15,vehicle_52,vendor_maint_27,Tyre Replacement,7071,103169,2025-01-08T15:49:03.116742
maint_16,vehicle_63,vendor_maint_13,Regular Service,8339,61173,2025-01-09T06:07:04.134557
maint_17,vehicle_3,vendor_maint_39,Emergency Repair,6978,114603,2025-01-10T19:24:39.570640
maint_18,vehicle_30,vendor_maint_19,Emergency Repair,40492,50830,2025-01-09T16:03:53.527107
maint_19,vehicle_14,vendor_maint_50,Emergency Repair,6552,96828,2025-01-10T04:45:04.735633
maint_20,vehicle_17,vendor_maint_47,Regular Service,31014,96679,2025-01-10T08:41:42.469552
maint_21,vehicle_26,vendor_maint_26,Regular Service,24551,13599,2025-01-10T18:33:00.017728
maint_22,vehicle_16,vendor_maint_48,Brake Service,40699,140767,2025-01-11T20:07:18.485924
maint_23,vehicle_13,vendor_maint_2,Emergency Repair,29537,138342,2025-01-11T22:34:47.127760
maint_24,vehicle_70,vendor_maint_17,Emergency Repair,11080,18287,2025-01-11T11:10:25.115547
maint_25,vehicle_45,vendor_maint_20,Regular Service,22283,116564,2025-01-10T23:25:05.380671
maint_26,vehicle_50,vendor_maint_30,Emergency Repair,22482,34485,2025-01-12T04:15:24.062523
maint_27,vehicle_12,vendor_maint_44,Emergency Repair,39287,136460,2025-01-12T11:02:10.216602
maint_28,vehicle_10,vendor_maint_50,Oil Change,13207,25391,2025-01-13T22:15:57.001662
maint_29,vehicle_67,vendor_maint_1,Oil Change,7425,131605,2025-01-12T19:59:01.328944
maint_30,vehicle_1,vendor_maint_47,Emergency Repair,23349,136705,2025-01-13T17:53:27.607834
maint_31,vehicle_52,vendor_maint_48,Oil Change,18804,104849,2025-01-16T22:43:22.633743
maint_32,vehicle_63,vendor_maint_36,Brake Service,40240,62348,2025-01-16T15:02:04.981539
maint_33,vehicle_39,vendor_maint_14,Tyre Replacement,31453,127063,2025-01-17T01:02:22.437089
maint_34,vehicle_56,vendor_maint_42,Regular Service,42724,74796,2025-01-17T00:08:09.888490
maint_35,vehicle_33,vendor_maint_26,Tyre Replacement,37584,126871,2025-01-18T12:31:18.589320
maint_36,vehicle_28,vendor_maint_26,Brake Service,30391,30882,2025-01-18T07:33:16.791938
maint_37,vehicle_53,vendor_maint_1,Brake Service,5824,84183,2025-01-18T10:45:08.759275
maint_38,vehicle_5,vendor_maint_27,Brake Service,19875,61841,2025-01-19T01:28:19.645356
maint_39,vehicle_23,vendor_maint_6,Tyre Replacement,28438,124391,2025-01-20T13:33:00.734664
maint_40,vehicle_62,vendor_maint_21,Oil Change,6813,17976,2025-01-21T06:59:18.739883
maint_41,vehicle_35,vendor_maint_12,Regular Service,28680,127941,2025-01-22T17:20:38.244634
maint_42,vehicle_3,vendor_maint_17,Oil Change,14766,117224,2025-01-22T14:19:11.251906
maint_43,vehicle_7,vendor_maint_31,Regular Service,26874,147751,2025-01-22T21:09:32.540987
maint_44,vehicle_37,vendor_maint_38,Regular Service,14678,130196,2025-01-22T19:02:03.431164
maint_45,vehicle_14,vendor_maint_21,Oil Change,25629,97186,2025-01-22T13:37:58.754631
maint_46,vehicle_54,vendor_maint_34,Tyre Replacement,42794,125859,2025-01-23T12:16:40.444195
maint_47,vehicle_26,vendor_maint_49,Emergency Repair,18879,14626,2025-01-23T14:16:25.234075
maint_48,vehicle_10,vendor_maint_45,Emergency Repair,8525,27420,2025-01-24T00:32:27.167575
maint_49,vehicle_24,vendor_maint_24,Oil Change,6183,113277,2025-01-25T04:00:48.548277
maint_50,vehicle_65,vendor_maint_14,Oil Change,41408,111455,2025-01-27T21:01:45.682589
maint_51,vehicle_51,vendor_maint_48,Tyre Replacement,43375,151602,2025-01-27T10:33:49.926354
maint_52,vehicle_31,vendor_maint_27,Oil Change,44517,27490,2025-01-28T01:55:09.882019
maint_53,vehicle_38,vendor_maint_30,Regular Service,38788,80871,2025-01-28T10:29:58.604181
maint_54,vehicle_59,vendor_maint_5,Brake Service,31148,74857,2025-01-27T12:38:14.280680
maint_55,vehicle_58,vendor_maint_6,Emergency Repair,42869,89273,2025-01-29T20:48:26.082720
maint_56,vehicle_46,vendor_maint_43,Brake Service,20241,18205,2025-01-28T11:46:27.711246
maint_57,vehicle_22,vendor_maint_40,Emergency Repair,26693,50670,2025-01-28T07:53:38.210368
maint_58,vehicle_14,vendor_maint_29,Emergency Repair,21632,98600,2025-01-30T23:32:22.904244
maint_59,vehicle_21,vendor_maint_6,Tyre Replacement,17409,63929,2025-01-29T15:02:35.965751
maint_60,vehicle_40,vendor_maint_28,Oil Change,17698,15293,2025-01-30T11:20:16.911867
maint_61,vehicle_29,vendor_maint_32,Tyre Replacement,6805,53400,2025-01-31T09:27:23.070823
maint_62,vehicle_59,vendor_maint_23,Emergency Repair,19788,76530,2025-01-31T15:13:32.894265
maint_63,vehicle_40,vendor_maint_24,Brake Service,44481,16739,2025-01-31T13:20:54.130015
maint_64,vehicle_24,vendor_maint_5,Tyre Replacement,6541,116419,2025-02-02T22:01:01.811392
maint_65,vehicle_25,vendor_maint_42,Regular Service,36935,134455,2025-02-02T07:21:46.262497
maint_66,vehicle_32,vendor_maint_43,Tyre Replacement,17789,136644,2025-02-05T17:29:23.759738
maint_67,vehicle_40,vendor_maint_7,Brake Service,12237,17911,2025-02-06T01:32:43.823763
maint_68,vehicle_17,vendor_maint_1,Emergency Repair,9320,99715,2025-02-06T09:33:50.858889
maint_69,vehicle_43,vendor_maint_9,Tyre Replacement,6050,44229,2025-02-06T02:58:24.212876
maint_70,vehicle_18,vendor_maint_48,Emergency Repair,18140,91245,2025-02-06T21:33:20.423032
maint_71,vehicle_50,vendor_maint_21,Tyre Replacement,18728,37810,2025-02-07T02:57:21.169195
maint_72,vehicle_36,vendor_maint_18,Regular Service,5865,37443,2025-02-06T19:19:04.798632
maint_73,vehicle_27,vendor_maint_29,Tyre Replacement,19644,82298,2025-02-07T04:58:23.148690
maint_74,vehicle_24,vendor_maint_1,Emergency Repair,17951,116767,2025-02-06T21:17:15.239935
maint_75,vehicle_2,vendor_maint_23,Brake Service,41047,25030,2025-02-08T09:56:21.698409
maint_76,vehicle_27,vendor_maint_17,Brake Service,42514,83399,2025-02-08T04:11:33.805296
maint_77,vehicle_30,vendor_maint_23,Emergency Repair,26749,53584,2025-02-08T19:41:02.217161
maint_78,vehicle_23,vendor_maint_47,Oil Change,10397,125979,2025-02-09T19:33:20.873615
maint_79,vehicle_70,vendor_maint_50,Brake Service,25189,25871,2025-02-09T18:00:53.768200
maint_80,vehicle_65,vendor_maint_8,Oil Change,8845,114283,2025-02-09T20:53:14.367655
maint_81,vehicle_34,vendor_maint_45,Tyre Replacement,18374,69172,2025-02-10T22:14:20.068156
maint_82,vehicle_11,vendor_maint_49,Tyre Replacement,7754,158672,2025-02-10T02:38:27.647357
maint_83,vehicle_46,vendor_maint_26,Oil Change,44604,20200,2025-02-10T09:49:37.332677
maint_84,vehicle_45,vendor_maint_17,Brake Service,21188,120710,2025-02-10T18:40:29.846420
maint_85,vehicle_13,vendor_maint_6,Brake Service,6581,146223,2025-02-11T03:20:12.972814
maint_86,vehicle_27,vendor_maint_4,Emergency Repair,44642,84778,2025-02-11T09:31:12.479992
maint_87,vehicle_44,vendor_maint_49,Regular Service,23957,77965,2025-02-10T13:51:58.458958
maint_88,vehicle_69,vendor_maint_25,Regular Service,34003,147035,2025-02-12T13:06:25.330571
maint_89,vehicle_61,vendor_maint_42,Tyre Replacement,40955,43974,2025-02-13T15:10:03.819650
maint_90,vehicle_34,vendor_maint_24,Tyre Replacement,29770,70812,2025-02-14T12:54:38.648751
maint_91,vehicle_69,vendor_maint_28,Brake Service,17971,147633,2025-02-13T18:52:11.312917
maint_92,vehicle_32,vendor_maint_5,Tyre Replacement,25955,137506,2025-02-14T00:01:23.808210
maint_93,vehicle_37,vendor_maint_2,Oil Change,18645,133320,2025-02-15T08:52:37.614137
maint_94,vehicle_24,vendor_maint_7,Brake Service,27330,118391,2025-02-14T18:29:12.593354
maint_95,vehicle_20,vendor_maint_45,Tyre Replacement,37071,44970,2025-02-14T19:52:58.312553
maint_96,vehicle_39,vendor_maint_22,Oil Change,23400,131518,2025-02-15T19:44:39.862477
maint_97,vehicle_51,vendor_maint_18,Brake Service,23872,153410,2025-02-15T22:11:17.425000
maint_98,vehicle_48,vendor_maint_26,Oil Change,38355,101851,2025-02-17T13:24:11.695017
maint_99,vehicle_6,vendor_maint_24,Regular Service,15787,122593,2025-02-17T13:04:35.952323
maint_100,vehicle_61,vendor_maint_6,Brake Service,9976,45721,2025-02-17T04:20:01.979461
maint_101,vehicle_34,vendor_maint_23,Brake Service,42474,73564,2025-02-18T01:48:11.228418
maint_102,vehicle_49,vendor_maint_29,Brake Service,12468,64071,2025-02-17T21:01:32.429302
maint_103,vehicle_1,vendor_maint_9,Oil Change,39073,142437,2025-02-18T00:25:31.213418
maint_104,vehicle_18,vendor_maint_7,Emergency Repair,27275,94061,2025-02-18T02:59:11.585475
maint_105,vehicle_48,vendor_maint_48,Oil Change,30013,102176,2025-02-20T02:47:38.196047
maint_106,vehicle_30,vendor_maint_31,Regular Service,38986,55132,2025-02-20T12:07:56.855129
maint_107,vehicle_13,vendor_maint_14,Brake Service,43664,148048,2025-02-21T01:45:50.902653
maint_108,vehicle_40,vendor_maint_12,Emergency Repair,36475,22049,2025-02-19T23:13:38.760265
maint_109,vehicle_69,vendor_maint_27,Tyre Replacement,10376,149975,2025-02-22T00:01:10.939651
maint_110,vehicle_52,vendor_maint_42,Oil Change,22519,111153,2025-02-22T15:51:37.440550
maint_111,vehicle_17,vendor_maint_33,Brake Service,27468,104466,2025-02-21T22:51:30.877056
maint_112,vehicle_7,vendor_maint_23,Tyre Replacement,35690,153528,2025-02-23T18:10:33.118815
maint_113,vehicle_52,vendor_maint_23,Tyre Replacement,42480,111571,2025-02-22T23:37:03.817374
maint_114,vehicle_68,vendor_maint_35,Emergency Repair,22700,69839,2025-02-23T12:11:19.468819
maint_115,vehicle_43,vendor_maint_37,Oil Change,30703,48656,2025-02-23T21:24:46.577483
maint_116,vehicle_33,vendor_maint_42,Tyre Replacement,27340,133770,2025-02-25T23:58:08.744277
maint_117,vehicle_59,vendor_maint_33,Brake Service,37822,77017,2025-02-25T02:28:19.219143
maint_118,vehicle_45,vendor_maint_11,Oil Change,12060,121558,2025-02-25T02:39:52.418512
maint_119,vehicle_66,vendor_maint_24,Brake Service,41953,71336,2025-02-26T22:12:06.558624
maint_120,vehicle_42,vendor_maint_49,Emergency Repair,42601,112770,2025-02-26T01:22:19.882661
maint_121,vehicle_26,vendor_maint_13,Regular Service,22214,18078,2025-02-25T22:50:02.511941
maint_122,vehicle_31,vendor_maint_29,Tyre Replacement,39833,30998,2025-02-28T09:57:03.244110
maint_123,vehicle_3,vendor_maint_13,Oil Change,43824,123702,2025-02-27T11:23:42.480563
maint_124,vehicle_43,vendor_maint_44,Regular Service,32425,51271,2025-02-28T11:31:08.745561
maint_125,vehicle_65,vendor_maint_1,Brake Service,22864,115967,2025-02-28T17:31:30.298651
maint_126,vehicle_61,vendor_maint_44,Tyre Replacement,11089,48118,2025-03-01T17:41:47.035796
maint_127,vehicle_33,vendor_maint_40,Emergency Repair,43092,134239,2025-02-28T11:56:03.885219
maint_128,vehicle_43,vendor_maint_5,Emergency Repair,40625,51887,2025-03-02T02:21:42.816887
maint_129,vehicle_37,vendor_maint_42,Emergency Repair,15083,133439,2025-03-02T02:47:17.918445
maint_130,vehicle_39,vendor_maint_8,Emergency Repair,6698,134231,2025-03-02T07:34:59.889783
maint_131,vehicle_4,vendor_maint_12,Brake Service,28291,73421,2025-03-03T01:42:32.500951
maint_132,vehicle_49,vendor_maint_36,Brake Service,33232,67246,2025-03-06T07:21:35.327667
maint_133,vehicle_61,vendor_maint_42,Regular Service,40523,49939,2025-03-05T10:29:44.396407
maint_134,vehicle_45,vendor_maint_30,Brake Service,41510,123757,2025-03-06T16:44:36.848146
maint_135,vehicle_24,vendor_maint_31,Tyre Replacement,18605,119507,2025-03-05T12:26:45.817828
maint_136,vehicle_5,vendor_maint_44,Tyre Replacement,25201,68385,2025-03-08T00:04:29.527641
maint_137,vehicle_69,vendor_maint_12,Oil Change,33587,151368,2025-03-08T02:30:24.002817
maint_138,vehicle_4,vendor_maint_39,Brake Service,12689,75560,2025-03-08T05:45:18.424523
maint_139,vehicle_12,vendor_maint_43,Emergency Repair,40608,147200,2025-03-09T02:52:25.818576
maint_140,vehicle_65,vendor_maint_9,Oil Change,23481,116416,2025-03-08T14:56:36.541841
maint_141,vehicle_70,vendor_maint_39,Tyre Replacement,24659,31190,2025-03-10T09:53:33.977068
maint_142,vehicle_34,vendor_maint_33,Regular Service,44804,74693,2025-03-11T09:36:03.303648
maint_143,vehicle_44,vendor_maint_24,Oil Change,40966,87072,2025-03-11T13:09:49.650887
maint_144,vehicle_22,vendor_maint_13,Tyre Replacement,21347,58281,2025-03-11T21:03:28.512674
maint_145,vehicle_62,vendor_maint_17,Tyre Replacement,29835,26720,2025-03-12T20:44:24.037509
maint_146,vehicle_48,vendor_maint_22,Tyre Replacement,12157,105802,2025-03-12T02:50:01.047845
maint_147,vehicle_9,vendor_maint_27,Regular Service,25491,109278,2025-03-12T07:22:23.764021
maint_148,vehicle_21,vendor_maint_9,Oil Change,5092,70568,2025-03-13T16:14:51.019968
maint_149,vehicle_47,vendor_maint_42,Oil Change,10596,33354,2025-03-13T14:32:02.710393
maint_150,vehicle_1,vendor_maint_40,Oil Change,16532,146331,2025-03-12T17:20:55.273771
maint_151,vehicle_48,vendor_maint_33,Tyre Replacement,33421,106192,2025-03-14T07:09:17.794630
maint_152,vehicle_61,vendor_maint_43,Tyre Replacement,12239,52243,2025-03-14T03:30:00.970789
maint_153,vehicle_51,vendor_maint_9,Regular Service,28942,157885,2025-03-13T17:33:02.484002
maint_154,vehicle_36,vendor_maint_17,Tyre Replacement,5256,39347,2025-03-13T13:43:43.964492
maint_155,vehicle_55,vendor_maint_44,Emergency Repair,15482,37876,2025-03-15T07:54:57.546823
maint_156,vehicle_4,vendor_maint_39,Oil Change,36713,77446,2025-03-14T23:23:17.950396
maint_157,vehicle_10,vendor_maint_43,Regular Service,6638,32383,2025-03-16T13:57:09.072029
maint_158,vehicle_9,vendor_maint_12,Regular Service,41319,110383,2025-03-17T16:15:01.151284
maint_159,vehicle_59,vendor_maint_32,Tyre Replacement,16134,79608,2025-03-16T18:12:29.576246
maint_160,vehicle_22,vendor_maint_25,Regular Service,21070,58936,2025-03-16T20:26:41.406767
maint_161,vehicle_50,vendor_maint_1,Regular Service,13791,46570,2025-03-18T15:21:41.033175
maint_162,vehicle_56,vendor_maint_25,Regular Service,41826,80898,2025-03-19T11:19:50.856461
maint_163,vehicle_37,vendor_maint_38,Regular Service,17865,136174,2025-03-19T10:07:49.018402
maint_164,vehicle_20,vendor_maint_42,Brake Service,9394,47429,2025-03-20T23:31:02.522647
maint_165,vehicle_3,vendor_maint_47,Brake Service,6541,127370,2025-03-20T09:37:58.135592
maint_166,vehicle_3,vendor_maint_4,Tyre Replacement,5100,128581,2025-03-22T14:51:30.890441
maint_167,vehicle_57,vendor_maint_18,Oil Change,19009,68467,2025-03-24T02:20:20.450292
maint_168,vehicle_17,vendor_maint_43,Regular Service,5594,108331,2025-03-23T04:29:24.323573
maint_169,vehicle_35,vendor_maint_26,Emergency Repair,30563,131521,2025-03-23T16:57:52.513495
maint_170,vehicle_61,vendor_maint_5,Emergency Repair,33479,53028,2025-03-23T03:13:42.074937
maint_171,vehicle_69,vendor_maint_28,Emergency Repair,41994,156293,2025-03-24T04:39:31.574249
maint_172,vehicle_25,vendor_maint_31,Oil Change,19384,141446,2025-03-24T14:37:04.237150
maint_173,vehicle_19,vendor_maint_22,Tyre Replacement,18138,48757,2025-03-23T20:48:58.202924
maint_174,vehicle_68,vendor_maint_41,Tyre Replacement,30061,73511,2025-03-23T14:27:52.541531
maint_175,vehicle_48,vendor_maint_22,Oil Change,11163,108701,2025-03-24T12:45:49.223132
maint_176,vehicle_27,vendor_maint_31,Brake Service,16383,87286,2025-03-25T01:50:22.420167
maint_177,vehicle_27,vendor_maint_7,Tyre Replacement,8439,87611,2025-03-25T17:56:47.403824
maint_178,vehicle_48,vendor_maint_20,Brake Service,7873,109767,2025-03-26T11:34:13.056716
maint_179,vehicle_48,vendor_maint_11,Tyre Replacement,12602,110042,2025-03-25T21:38:25.795445
maint_180,vehicle_27,vendor_maint_26,Regular Service,33684,87943,2025-03-25T11:15:32.794971
maint_181,vehicle_49,vendor_maint_1,Emergency Repair,39019,69476,2025-03-26T11:43:03.917857
maint_182,vehicle_34,vendor_maint_34,Regular Service,32674,75549,2025-03-27T14:06:52.912780
maint_183,vehicle_22,vendor_maint_1,Brake Service,44063,60597,2025-03-27T19:52:32.197066
maint_184,vehicle_35,vendor_maint_29,Oil Change,8966,133747,2025-03-27T03:32:41.527448
maint_185,vehicle_54,vendor_maint_13,Tyre Replacement,15727,140760,2025-03-28T20:37:38.513997
maint_186,vehicle_40,vendor_maint_7,Brake Service,15203,27898,2025-03-27T06:16:27.996829
maint_187,vehicle_59,vendor_maint_29,Tyre Replacement,32187,82160,2025-03-27T22:46:55.707886
maint_188,vehicle_27,vendor_maint_8,Brake Service,26494,89061,2025-03-28T02:13:27.757636
maint_189,vehicle_4,vendor_maint_11,Brake Service,26332,79841,2025-03-29T10:33:15.068600
maint_190,vehicle_31,vendor_maint_14,Oil Change,17683,35373,2025-03-31T06:11:34.414235
maint_191,vehicle_47,vendor_maint_7,Oil Change,39008,37898,2025-03-31T06:46:30.221817
maint_192,vehicle_69,vendor_maint_27,Regular Service,15286,156527,2025-03-29T09:01:23.876286
maint_193,vehicle_3,vendor_maint_37,Oil Change,12302,129175,2025-03-30T18:50:14.813035
maint_194,vehicle_64,vendor_maint_34,Oil Change,23302,79925,2025-04-01T01:51:12.200994
maint_195,vehicle_51,vendor_maint_42,Brake Service,6393,162835,2025-04-03T02:12:13.670779
maint_196,vehicle_11,vendor_maint_7,Tyre Replacement,35229,166544,2025-04-02T17:56:13.655140
maint_197,vehicle_3,vendor_maint_14,Tyre Replacement,29742,131056,2025-04-03T17:42:11.519132
maint_198,vehicle_20,vendor_maint_11,Regular Service,41820,50394,2025-04-02T12:02:33.425928
maint_199,vehicle_26,vendor_maint_27,Brake Service,40964,19781,2025-04-02T16:53:54.674301
maint_200,vehicle_22,vendor_maint_33,Regular Service,24924,62949,2025-04-03T17:50:23.084855
maint_201,vehicle_36,vendor_maint_41,Tyre Replacement,31174,44349,2025-04-04T09:33:41.968103
maint_202,vehicle_30,vendor_maint_25,Emergency Repair,6645,60862,2025-04-03T19:15:51.875285
maint_203,vehicle_49,vendor_maint_41,Tyre Replacement,22623,70575,2025-04-04T19:26:50.960935
maint_204,vehicle_37,vendor_maint_23,Brake Service,15738,139635,2025-04-05T02:37:00.331420
maint_205,vehicle_12,vendor_maint_9,Oil Change,12013,149530,2025-04-04T20:49:42.113889
maint_206,vehicle_53,vendor_maint_41,Emergency Repair,14178,97281,2025-04-06T07:59:13.270069
maint_207,vehicle_70,vendor_maint_39,Regular Service,27947,37226,2025-04-06T23:00:35.176003
maint_208,vehicle_70,vendor_maint_32,Tyre Replacement,18783,37471,2025-04-05T21:27:26.704691
maint_209,vehicle_26,vendor_maint_7,Oil Change,33933,21572,2025-04-07T15:27:54.068759
maint_210,vehicle_30,vendor_maint_18,Tyre Replacement,39788,61157,2025-04-06T21:11:00.603638
maint_211,vehicle_69,vendor_maint_4,Emergency Repair,40886,157836,2025-04-08T15:00:58.139397
maint_212,vehicle_6,vendor_maint_43,Regular Service,35159,127873,2025-04-07T14:33:50.403897
maint_213,vehicle_10,vendor_maint_28,Oil Change,28443,39165,2025-04-08T08:16:44.844421
maint_214,vehicle_3,vendor_maint_47,Brake Service,34600,132215,2025-04-09T10:28:42.869690
maint_215,vehicle_51,vendor_maint_15,Tyre Replacement,35873,165805,2025-04-10T05:31:54.128048
maint_216,vehicle_25,vendor_maint_8,Regular Service,14070,145710,2025-04-11T11:50:26.927690
maint_217,vehicle_3,vendor_maint_45,Emergency Repair,12766,133362,2025-04-11T03:00:31.381927
maint_218,vehicle_64,vendor_maint_33,Brake Service,9823,81167,2025-04-11T01:41:53.351733
maint_219,vehicle_50,vendor_maint_35,Emergency Repair,31034,50164,2025-04-10T16:45:52.227531
maint_220,vehicle_48,vendor_maint_41,Tyre Replacement,37154,111417,2025-04-11T19:29:55.765969
maint_221,vehicle_53,vendor_maint_26,Tyre Replacement,13534,98264,2025-04-12T05:57:11.324082
maint_222,vehicle_27,vendor_maint_32,Tyre Replacement,38355,93561,2025-04-12T10:01:36.177369
maint_223,vehicle_68,vendor_maint_25,Brake Service,7280,77923,2025-04-12T13:42:54.578484
maint_224,vehicle_18,vendor_maint_12,Emergency Repair,17931,104538,2025-04-12T23:13:51.355590
maint_225,vehicle_49,vendor_maint_12,Tyre Replacement,13597,71681,2025-04-13T09:05:31.975245
maint_226,vehicle_25,vendor_maint_2,Brake Service,8981,146393,2025-04-14T11:50:47.808898
maint_227,vehicle_12,vendor_maint_44,Regular Service,28864,151722,2025-04-14T18:24:07.060921
maint_228,vehicle_40,vendor_maint_50,Tyre Replacement,44124,30853,2025-04-14T09:13:19.972889
maint_229,vehicle_5,vendor_maint_25,Oil Change,5569,76049,2025-04-14T14:46:32.451999
maint_230,vehicle_54,vendor_maint_9,Brake Service,10414,144043,2025-04-15T19:07:31.743955
maint_231,vehicle_41,vendor_maint_42,Emergency Repair,5249,84966,2025-04-15T20:16:06.985855
maint_232,vehicle_38,vendor_maint_17,Oil Change,32796,87934,2025-04-16T08:02:42.115329
maint_233,vehicle_50,vendor_maint_42,Oil Change,7621,51343,2025-04-16T22:10:28.965768
maint_234,vehicle_25,vendor_maint_26,Brake Service,34001,148148,2025-04-17T13:33:25.632639
maint_235,vehicle_28,vendor_maint_10,Tyre Replacement,12344,36322,2025-04-16T16:21:05.286655
maint_236,vehicle_38,vendor_maint_13,Emergency Repair,35587,88446,2025-04-17T05:00:07.011077
maint_237,vehicle_1,vendor_maint_42,Emergency Repair,40816,151776,2025-04-18T07:53:44.137498
maint_238,vehicle_57,vendor_maint_50,Regular Service,27311,74055,2025-04-19T03:58:08.615650
maint_239,vehicle_31,vendor_maint_4,Oil Change,31486,37613,2025-04-20T13:01:31.532000
maint_240,vehicle_57,vendor_maint_17,Emergency Repair,30422,75064,2025-04-20T15:03:17.613074
maint_241,vehicle_17,vendor_maint_32,Regular Service,15577,110657,2025-04-21T19:59:04.553483
maint_242,vehicle_16,vendor_maint_22,Oil Change,39591,154281,2025-04-22T10:51:05.036811
maint_243,vehicle_32,vendor_maint_12,Brake Service,38681,146801,2025-04-22T22:49:06.343159
maint_244,vehicle_41,vendor_maint_13,Emergency Repair,8846,88936,2025-04-24T21:23:59.868729
maint_245,vehicle_45,vendor_maint_21,Brake Service,32046,131048,2025-04-23T23:07:43.740391
maint_246,vehicle_29,vendor_maint_45,Regular Service,30411,61145,2025-04-24T17:38:09.960110
maint_247,vehicle_19,vendor_maint_20,Regular Service,27226,55104,2025-04-24T20:25:48.252733
maint_248,vehicle_2,vendor_maint_47,Brake Service,37830,37704,2025-04-25T02:39:18.627132
maint_249,vehicle_19,vendor_maint_4,Regular Service,18476,55281,2025-04-25T09:42:01.714619
maint_250,vehicle_23,vendor_maint_23,Brake Service,27469,140438,2025-04-25T22:23:03.122003
maint_251,vehicle_9,vendor_maint_10,Oil Change,34828,118850,2025-04-27T15:27:30.119484
maint_252,vehicle_14,vendor_maint_31,Brake Service,5282,110050,2025-04-28T14:50:58.781522
maint_253,vehicle_20,vendor_maint_26,Tyre Replacement,16798,55950,2025-05-01T13:46:43.770018
maint_254,vehicle_17,vendor_maint_9,Brake Service,24867,114882,2025-05-01T19:42:31.608488
maint_255,vehicle_38,vendor_maint_6,Oil Change,6490,93277,2025-05-02T03:40:31.291132
maint_256,vehicle_57,vendor_maint_5,Emergency Repair,37787,76546,2025-05-02T20:42:00.902605
maint_257,vehicle_38,vendor_maint_45,Emergency Repair,25848,93666,2025-05-04T01:33:52.445529
maint_258,vehicle_18,vendor_maint_29,Oil Change,24472,108674,2025-05-05T16:21:52.869943
maint_259,vehicle_44,vendor_maint_23,Regular Service,15998,97896,2025-05-06T19:01:19.929965
maint_260,vehicle_22,vendor_maint_10,Brake Service,28512,70081,2025-05-06T13:14:39.367855
maint_261,vehicle_34,vendor_maint_24,Brake Service,37823,83212,2025-05-06T21:08:11.458589
maint_262,vehicle_43,vendor_maint_22,Regular Service,33615,67278,2025-05-07T04:09:24.720257
maint_263,vehicle_37,vendor_maint_37,Tyre Replacement,20742,145263,2025-05-07T16:16:00.628025
maint_264,vehicle_36,vendor_maint_37,Brake Service,38522,49063,2025-05-07T12:11:11.987373
maint_265,vehicle_22,vendor_maint_30,Regular Service,43090,71033,2025-05-08T01:45:41.143478
maint_266,vehicle_36,vendor_maint_4,Regular Service,44830,50509,2025-05-08T21:10:57.539363
maint_267,vehicle_48,vendor_maint_42,Oil Change,44140,115755,2025-05-08T10:03:19.280181
maint_268,vehicle_22,vendor_maint_39,Emergency Repair,31713,71821,2025-05-09T12:45:25.049180
maint_269,vehicle_14,vendor_maint_37,Oil Change,26608,111009,2025-05-08T18:32:10.515858
maint_270,vehicle_54,vendor_maint_19,Tyre Replacement,30661,146062,2025-05-10T21:08:36.194112
maint_271,vehicle_41,vendor_maint_6,Tyre Replacement,32812,90227,2025-05-12T00:06:26.978666
maint_272,vehicle_59,vendor_maint_35,Emergency Repair,43471,88238,2025-05-10T17:08:54.390224
maint_273,vehicle_70,vendor_maint_40,Regular Service,24250,45778,2025-05-13T18:34:12.580002
maint_274,vehicle_37,vendor_maint_18,Regular Service,24104,148535,2025-05-13T22:36:45.543860
maint_275,vehicle_51,vendor_maint_10,Regular Service,8070,173089,2025-05-13T03:02:52.534051
maint_276,vehicle_29,vendor_maint_22,Emergency Repair,29164,64455,2025-05-13T02:02:05.358359
maint_277,vehicle_37,vendor_maint_7,Brake Service,11027,149481,2025-05-14T04:44:32.577010
maint_278,vehicle_67,vendor_maint_50,Tyre Replacement,13330,147250,2025-05-13T11:01:16.056048
maint_279,vehicle_37,vendor_maint_35,Regular Service,24365,150369,2025-05-14T10:05:30.322905
maint_280,vehicle_4,vendor_maint_25,Emergency Repair,9550,87262,2025-05-14T20:00:44.358590
maint_281,vehicle_49,vendor_maint_26,Regular Service,5864,76448,2025-05-15T07:30:29.813123
maint_282,vehicle_33,vendor_maint_7,Oil Change,25041,144278,2025-05-16T05:55:06.786702
maint_283,vehicle_50,vendor_maint_18,Tyre Replacement,13288,59671,2025-05-18T02:18:18.165638
maint_284,vehicle_13,vendor_maint_15,Emergency Repair,33877,166251,2025-05-17T15:38:47.263545
maint_285,vehicle_3,vendor_maint_4,Oil Change,26594,138499,2025-05-17T08:53:34.467397
maint_286,vehicle_12,vendor_maint_11,Oil Change,11390,154338,2025-05-18T14:12:36.477385
maint_287,vehicle_10,vendor_maint_12,Regular Service,18847,45621,2025-05-17T13:38:41.387107
maint_288,vehicle_65,vendor_maint_18,Tyre Replacement,32441,121836,2025-05-18T06:58:39.911272
maint_289,vehicle_13,vendor_maint_3,Tyre Replacement,24030,167388,2025-05-19T11:57:37.616470
maint_290,vehicle_24,vendor_maint_9,Regular Service,22615,125438,2025-05-19T16:23:50.052176
maint_291,vehicle_25,vendor_maint_2,Tyre Replacement,42783,152840,2025-05-20T02:47:51.386114
maint_292,vehicle_9,vendor_maint_46,Emergency Repair,8273,123632,2025-05-19T21:35:04.301050
maint_293,vehicle_25,vendor_maint_34,Regular Service,6690,153704,2025-05-21T16:21:34.050370
maint_294,vehicle_44,vendor_maint_37,Oil Change,16977,101636,2025-05-21T04:30:15.432654
maint_295,vehicle_48,vendor_maint_8,Brake Service,32890,116327,2025-05-21T12:23:36.218813
maint_296,vehicle_22,vendor_maint_11,Emergency Repair,19802,74719,2025-05-22T11:39:11.949507
maint_297,vehicle_66,vendor_maint_43,Oil Change,33937,82668,2025-05-22T01:53:28.707883
maint_298,vehicle_4,vendor_maint_2,Regular Service,33588,90066,2025-05-24T05:55:25.979912
maint_299,vehicle_27,vendor_maint_46,Brake Service,39946,100887,2025-05-25T06:16:20.923405
maint_300,vehicle_11,vendor_maint_2,Brake Service,16547,175021,2025-05-25T03:40:38.872342
maint_301,vehicle_19,vendor_maint_44,Emergency Repair,7200,61803,2025-05-26T15:06:23.871976
maint_302,vehicle_26,vendor_maint_18,Emergency Repair,13601,27615,2025-05-25T12:15:57.829177
maint_303,vehicle_69,vendor_maint_42,Oil Change,10598,168811,2025-05-26T12:53:44.698181
maint_304,vehicle_68,vendor_maint_7,Emergency Repair,44982,87243,2025-05-27T07:31:35.777173
maint_305,vehicle_70,vendor_maint_46,Emergency Repair,6133,46692,2025-05-26T12:06:16.941285
maint_306,vehicle_30,vendor_maint_27,Regular Service,12634,68149,2025-05-28T08:22:32.389658
maint_307,vehicle_24,vendor_maint_34,Tyre Replacement,30308,129825,2025-05-28T16:28:59.810891
maint_308,vehicle_11,vendor_maint_23,Regular Service,15138,175643,2025-05-29T10:47:28.846756
maint_309,vehicle_14,vendor_maint_24,Regular Service,39940,115790,2025-05-31T02:51:07.823716
maint_310,vehicle_14,vendor_maint_5,Brake Service,34143,117189,2025-06-01T03:13:09.041279
maint_311,vehicle_23,vendor_maint_36,Tyre Replacement,8631,144166,2025-06-01T15:49:36.246785
maint_312,vehicle_24,vendor_maint_27,Brake Service,27321,131399,2025-06-02T09:42:55.149681
maint_313,vehicle_19,vendor_maint_35,Regular Service,36099,63875,2025-06-03T12:04:30.258026
maint_314,vehicle_39,vendor_maint_15,Oil Change,21919,142960,2025-06-03T12:33:36.329561
maint_315,vehicle_68,vendor_maint_24,Emergency Repair,27487,89101,2025-06-03T00:55:57.622777
maint_316,vehicle_22,vendor_maint_10,Brake Service,43861,79572,2025-06-03T18:04:06.690563
maint_317,vehicle_55,vendor_maint_5,Oil Change,21074,52617,2025-06-04T03:20:29.593355
maint_318,vehicle_69,vendor_maint_3,Brake Service,34774,171631,2025-06-04T16:35:55.536855
maint_319,vehicle_7,vendor_maint_1,Tyre Replacement,19150,173448,2025-06-05T07:45:17.671873
maint_320,vehicle_45,vendor_maint_42,Emergency Repair,11039,135656,2025-06-05T23:29:45.574916
maint_321,vehicle_55,vendor_maint_28,Oil Change,36711,53150,2025-06-05T23:17:46.131447
maint_322,vehicle_29,vendor_maint_27,Emergency Repair,27783,67697,2025-06-08T22:03:36.967923
maint_323,vehicle_31,vendor_maint_27,Regular Service,5915,47116,2025-06-09T09:48:19.735590
maint_324,vehicle_70,vendor_maint_24,Brake Service,18762,47516,2025-06-09T07:05:15.287295
maint_325,vehicle_42,vendor_maint_28,Oil Change,41518,126457,2025-06-09T07:26:07.257633
maint_326,vehicle_65,vendor_maint_11,Tyre Replacement,26070,126966,2025-06-09T01:33:00.425738
maint_327,vehicle_15,vendor_maint_27,Brake Service,17169,79086,2025-06-10T04:20:57.264403
maint_328,vehicle_39,vendor_maint_21,Emergency Repair,20857,143119,2025-06-09T17:09:53.423107
maint_329,vehicle_43,vendor_maint_17,Oil Change,29354,76588,2025-06-10T05:23:11.930086
maint_330,vehicle_19,vendor_maint_44,Brake Service,10446,66838,2025-06-09T17:53:19.551624
maint_331,vehicle_50,vendor_maint_46,Oil Change,40661,63764,2025-06-10T09:00:37.660943
maint_332,vehicle_51,vendor_maint_27,Tyre Replacement,16633,175080,2025-06-11T10:07:55.525615
maint_333,vehicle_67,vendor_maint_32,Oil Change,8818,150704,2025-06-10T21:00:08.158138
maint_334,vehicle_65,vendor_maint_9,Emergency Repair,5969,127750,2025-06-10T17:07:35.180870
maint_335,vehicle_67,vendor_maint_2,Regular Service,10068,151151,2025-06-12T08:04:17.637084
maint_336,vehicle_25,vendor_maint_16,Oil Change,7600,155131,2025-06-13T07:03:20.393189
maint_337,vehicle_15,vendor_maint_20,Regular Service,28917,79620,2025-06-12T17:40:08.715623
maint_338,vehicle_5,vendor_maint_9,Oil Change,38973,80582,2025-06-13T23:24:52.922153
maint_339,vehicle_44,vendor_maint_22,Tyre Replacement,6057,103856,2025-06-15T00:37:11.607495
maint_340,vehicle_42,vendor_maint_23,Brake Service,38312,127495,2025-06-15T15:28:31.939030
maint_341,vehicle_5,vendor_maint_32,Oil Change,43896,82068,2025-06-15T04:50:11.722982
maint_342,vehicle_37,vendor_maint_28,Brake Service,39542,153743,2025-06-14T21:48:14.148510
maint_343,vehicle_70,vendor_maint_25,Oil Change,5159,48269,2025-06-15T13:15:54.475585
maint_344,vehicle_64,vendor_maint_47,Brake Service,35213,93226,2025-06-17T17:15:04.421640
maint_345,vehicle_30,vendor_maint_16,Brake Service,20078,71351,2025-06-17T02:28:20.113791
maint_346,vehicle_12,vendor_maint_2,Regular Service,32993,160182,2025-06-17T09:56:56.876597
maint_347,vehicle_47,vendor_maint_27,Regular Service,34542,47394,2025-06-17T22:40:38.392077
maint_348,vehicle_11,vendor_maint_49,Regular Service,10838,181307,2025-06-19T11:38:13.705830
maint_349,vehicle_47,vendor_maint_8,Tyre Replacement,25975,48344,2025-06-19T05:38:02.283077
maint_350,vehicle_10,vendor_maint_36,Emergency Repair,5672,51959,2025-06-19T09:55:12.461595
maint_351,vehicle_50,vendor_maint_1,Tyre Replacement,28306,66941,2025-06-20T02:54:13.386720
maint_352,vehicle_9,vendor_maint_8,Brake Service,13061,130940,2025-06-21T14:33:03.442383
maint_353,vehicle_31,vendor_maint_36,Emergency Repair,30420,47578,2025-06-21T05:54:12.749040
maint_354,vehicle_21,vendor_maint_49,Regular Service,10791,80825,2025-06-21T10:42:01.486615
maint_355,vehicle_66,vendor_maint_49,Emergency Repair,42399,86192,2025-06-20T14:47:12.356177
maint_356,vehicle_26,vendor_maint_13,Brake Service,28367,31487,2025-06-22T02:51:16.731461
maint_357,vehicle_49,vendor_maint_44,Regular Service,34799,82521,2025-06-22T04:17:58.213834
maint_358,vehicle_63,vendor_maint_32,Regular Service,26327,88501,2025-06-22T00:32:46.162329
maint_359,vehicle_19,vendor_maint_44,Regular Service,33005,68498,2025-06-25T01:48:53.577276
maint_360,vehicle_5,vendor_maint_24,Oil Change,41829,84233,2025-06-24T01:52:35.338136
maint_361,vehicle_14,vendor_maint_32,Regular Service,26259,120824,2025-06-24T11:29:42.409867
maint_362,vehicle_40,vendor_maint_10,Emergency Repair,6992,40867,2025-06-25T01:31:18.402299
maint_363,vehicle_60,vendor_maint_5,Emergency Repair,14089,129385,2025-06-24T15:12:17.732235
maint_364,vehicle_35,vendor_maint_20,Tyre Replacement,33050,141780,2025-06-24T16:05:26.333483
maint_365,vehicle_31,vendor_maint_25,Brake Service,11452,48410,2025-06-24T11:43:26.040411
maint_366,vehicle_34,vendor_maint_14,Tyre Replacement,31535,89718,2025-06-25T06:51:38.799151
maint_367,vehicle_23,vendor_maint_50,Emergency Repair,29833,146106,2025-06-25T06:19:45.845794
maint_368,vehicle_44,vendor_maint_36,Brake Service,27075,107126,2025-06-25T01:45:15.379653
maint_369,vehicle_38,vendor_maint_39,Tyre Replacement,9406,99067,2025-06-26T07:02:37.022291
maint_370,vehicle_37,vendor_maint_29,Brake Service,35120,156012,2025-06-26T04:03:36.438391
maint_371,vehicle_40,vendor_maint_48,Emergency Repair,29863,41331,2025-06-26T09:32:13.525579
maint_372,vehicle_54,vendor_maint_32,Brake Service,6110,152337,2025-06-27T11:27:07.130457
maint_373,vehicle_1,vendor_maint_32,Emergency Repair,8562,158818,2025-06-27T08:15:45.145202
maint_374,vehicle_29,vendor_maint_25,Oil Change,25747,72302,2025-06-28T01:26:59.729774
maint_375,vehicle_27,vendor_maint_11,Regular Service,7702,103073,2025-06-26T16:32:01.551029
maint_376,vehicle_25,vendor_maint_29,Brake Service,37949,156481,2025-06-28T11:41:47.636703
maint_377,vehicle_41,vendor_maint_39,Regular Service,32228,94212,2025-06-27T16:54:22.577402
maint_378,vehicle_11,vendor_maint_38,Tyre Replacement,37450,183068,2025-06-28T20:14:14.641870
maint_379,vehicle_24,vendor_maint_49,Regular Service,33616,137784,2025-06-28T06:31:40.156787
maint_380,vehicle_45,vendor_maint_40,Oil Change,15849,140073,2025-06-29T08:07:39.293835
maint_381,vehicle_14,vendor_maint_19,Regular Service,18671,122614,2025-06-28T14:41:55.356183
maint_382,vehicle_48,vendor_maint_38,Regular Service,11062,125063,2025-06-30T00:09:52.874447
maint_383,vehicle_36,vendor_maint_43,Emergency Repair,33326,57197,2025-06-30T14:35:57.180110
maint_384,vehicle_56,vendor_maint_15,Regular Service,7511,90653,2025-06-30T10:42:29.113631
maint_385,vehicle_66,vendor_maint_36,Oil Change,17978,87298,2025-06-30T04:25:18.110618
maint_386,vehicle_32,vendor_maint_21,Regular Service,30802,156689,2025-06-29T19:28:47.100517
maint_387,vehicle_26,vendor_maint_22,Regular Service,17966,32547,2025-06-30T14:55:33.230490
maint_388,vehicle_24,vendor_maint_4,Emergency Repair,38644,138382,2025-06-29T19:40:40.214830
maint_389,vehicle_14,vendor_maint_50,Regular Service,38649,123886,2025-07-01T21:45:42.039443
maint_390,vehicle_20,vendor_maint_16,Regular Service,20288,70369,2025-06-30T18:04:48.681033
maint_391,vehicle_1,vendor_maint_28,Regular Service,10929,159317,2025-06-30T23:07:43.855061
maint_392,vehicle_50,vendor_maint_19,Tyre Replacement,25770,69005,2025-07-01T19:57:37.396749
maint_393,vehicle_44,vendor_maint_6,Tyre Replacement,25729,108301,2025-07-02T10:46:39.176077
maint_394,vehicle_59,vendor_maint_17,Emergency Repair,31145,94909,2025-07-02T20:23:43.316851
maint_395,vehicle_54,vendor_maint_35,Oil Change,20518,154613,2025-07-02T20:26:26.958499
maint_396,vehicle_70,vendor_maint_31,Tyre Replacement,31990,52774,2025-07-01T18:54:52.833389
maint_397,vehicle_56,vendor_maint_44,Regular Service,30587,91613,2025-07-02T09:52:03.034083
maint_398,vehicle_65,vendor_maint_39,Brake Service,32397,132467,2025-07-03T05:31:05.786855
maint_399,vehicle_9,vendor_maint_22,Regular Service,10007,131861,2025-07-03T16:37:31.124882
maint_400,vehicle_24,vendor_maint_36,Emergency Repair,5284,138745,2025-07-03T00:51:05.409228
maint_401,vehicle_8,vendor_maint_48,Tyre Replacement,37306,173414,2025-07-03T07:15:12.712806
maint_402,vehicle_18,vendor_maint_24,Emergency Repair,21141,118813,2025-07-04T16:04:00.446950
maint_403,vehicle_64,vendor_maint_32,Regular Service,42742,98240,2025-07-03T20:18:48.473923
maint_404,vehicle_70,vendor_maint_22,Tyre Replacement,29649,53782,2025-07-05T03:27:31.459719
maint_405,vehicle_64,vendor_maint_7,Regular Service,44414,99222,2025-07-05T05:50:40.904484
maint_406,vehicle_34,vendor_maint_5,Oil Change,14698,92851,2025-07-05T21:09:38.866078
maint_407,vehicle_31,vendor_maint_7,Emergency Repair,6876,51840,2025-07-05T11:35:02.765703
maint_408,vehicle_12,vendor_maint_36,Oil Change,42937,164878,2025-07-06T19:24:29.047463
maint_409,vehicle_27,vendor_maint_35,Regular Service,33578,103217,2025-07-07T11:33:02.661414
maint_410,vehicle_23,vendor_maint_38,Regular Service,37053,151012,2025-07-07T03:16:42.581812
maint_411,vehicle_37,vendor_maint_48,Tyre Replacement,18305,156842,2025-07-07T07:04:58.669698
maint_412,vehicle_67,vendor_maint_46,Emergency Repair,23721,154194,2025-07-08T09:06:05.587314
maint_413,vehicle_52,vendor_maint_10,Emergency Repair,10028,121969,2025-07-07T21:12:08.277355
maint_414,vehicle_35,vendor_maint_15,Brake Service,29487,143735,2025-07-08T13:07:37.006019
maint_415,vehicle_26,vendor_maint_44,Regular Service,43580,37437,2025-07-09T12:26:21.588557
maint_416,vehicle_5,vendor_maint_31,Oil Change,8795,91182,2025-07-09T07:23:38.380024
maint_417,vehicle_69,vendor_maint_34,Oil Change,11941,176602,2025-07-08T14:07:00.453389
maint_418,vehicle_10,vendor_maint_26,Brake Service,9998,52912,2025-07-10T08:49:47.834960
maint_419,vehicle_28,vendor_maint_35,Regular Service,40539,44864,2025-07-10T08:46:48.208872
maint_420,vehicle_1,vendor_maint_28,Oil Change,41422,162526,2025-07-11T09:25:13.296711
maint_421,vehicle_26,vendor_maint_37,Emergency Repair,15893,38530,2025-07-10T16:58:45.575968
maint_422,vehicle_39,vendor_maint_11,Regular Service,31383,147433,2025-07-10T19:09:55.872106
maint_423,vehicle_7,vendor_maint_43,Oil Change,33962,176980,2025-07-10T16:48:13.676156
maint_424,vehicle_28,vendor_maint_37,Oil Change,24983,45483,2025-07-10T19:22:08.928216
maint_425,vehicle_16,vendor_maint_6,Regular Service,38706,165854,2025-07-11T09:25:58.828979
maint_426,vehicle_49,vendor_maint_35,Brake Service,41407,84172,2025-07-11T21:26:26.243886
maint_427,vehicle_49,vendor_maint_29,Brake Service,36885,86053,2025-07-12T08:32:34.272482
maint_428,vehicle_53,vendor_maint_28,Emergency Repair,23314,114636,2025-07-12T16:20:45.288620
maint_429,vehicle_65,vendor_maint_8,Oil Change,38046,132996,2025-07-12T19:23:12.239140
maint_430,vehicle_1,vendor_maint_46,Oil Change,12540,163592,2025-07-12T06:04:24.042107
maint_431,vehicle_20,vendor_maint_18,Brake Service,29217,72058,2025-07-14T00:25:46.243023
maint_432,vehicle_43,vendor_maint_30,Emergency Repair,19838,80575,2025-07-14T04:51:17.485927
maint_433,vehicle_42,vendor_maint_41,Emergency Repair,32789,130303,2025-07-15T00:20:45.174733
maint_434,vehicle_36,vendor_maint_14,Emergency Repair,15003,59992,2025-07-14T16:22:39.238108
maint_435,vehicle_50,vendor_maint_36,Tyre Replacement,18326,73051,2025-07-15T22:39:50.820127
maint_436,vehicle_48,vendor_maint_7,Brake Service,26931,127313,2025-07-14T12:52:36.876356
maint_437,vehicle_62,vendor_maint_36,Emergency Repair,12020,41893,2025-07-16T03:43:53.533266
maint_438,vehicle_56,vendor_maint_32,Oil Change,14678,91821,2025-07-17T02:43:50.854372
maint_439,vehicle_35,vendor_maint_22,Emergency Repair,42814,145124,2025-07-17T20:36:54.916883
maint_440,vehicle_43,vendor_maint_3,Tyre Replacement,18154,81442,2025-07-18T06:26:15.270028
maint_441,vehicle_43,vendor_maint_6,Emergency Repair,23871,81859,2025-07-19T04:20:32.536832
maint_442,vehicle_30,vendor_maint_20,Emergency Repair,11831,75293,2025-07-18T17:23:09.663796
maint_443,vehicle_54,vendor_maint_2,Brake Service,31739,156112,2025-07-19T17:43:06.607593
maint_444,vehicle_17,vendor_maint_29,Emergency Repair,38847,127077,2025-07-20T11:28:14.572645
maint_445,vehicle_10,vendor_maint_36,Brake Service,44967,55417,2025-07-20T09:06:27.760248
maint_446,vehicle_30,vendor_maint_15,Emergency Repair,22043,76507,2025-07-20T23:36:55.272989
maint_447,vehicle_10,vendor_maint_38,Brake Service,22197,56733,2025-07-20T16:49:21.053801
maint_448,vehicle_70,vendor_maint_48,Tyre Replacement,43646,55529,2025-07-21T09:14:14.746833
maint_449,vehicle_11,vendor_maint_7,Oil Change,23500,189673,2025-07-21T03:24:33.983925
maint_450,vehicle_60,vendor_maint_9,Tyre Replacement,38772,133609,2025-07-22T17:31:21.749145
maint_451,vehicle_60,vendor_maint_37,Emergency Repair,26788,134539,2025-07-23T17:49:48.997495
maint_452,vehicle_27,vendor_maint_9,Emergency Repair,17024,104896,2025-07-22T08:24:27.482133
maint_453,vehicle_33,vendor_maint_42,Oil Change,25528,150263,2025-07-22T16:32:49.808443
maint_454,vehicle_8,vendor_maint_42,Tyre Replacement,23411,176857,2025-07-23T04:11:42.566057
maint_455,vehicle_5,vendor_maint_34,Tyre Replacement,34284,93778,2025-07-24T08:51:37.590963
maint_456,vehicle_27,vendor_maint_13,Regular Service,28301,105545,2025-07-24T11:01:53.202476
maint_457,vehicle_51,vendor_maint_21,Tyre Replacement,30238,179650,2025-07-23T19:16:58.807641
maint_458,vehicle_39,vendor_maint_21,Tyre Replacement,9426,148756,2025-07-23T22:03:44.382955
maint_459,vehicle_29,vendor_maint_1,Emergency Repair,25892,76868,2025-07-24T01:27:08.634594
maint_460,vehicle_29,vendor_maint_5,Tyre Replacement,8645,77501,2025-07-24T03:18:13.784181
maint_461,vehicle_22,vendor_maint_40,Oil Change,9726,90205,2025-07-25T11:52:13.404070
maint_462,vehicle_27,vendor_maint_20,Oil Change,11945,105725,2025-07-25T03:20:17.225213
maint_463,vehicle_14,vendor_maint_3,Regular Service,37649,129252,2025-07-27T13:17:58.895204
maint_464,vehicle_14,vendor_maint_24,Emergency Repair,36677,130458,2025-07-28T12:37:26.086989
maint_465,vehicle_64,vendor_maint_37,Regular Service,36151,99496,2025-07-27T17:52:45.444594
maint_466,vehicle_66,vendor_maint_1,Emergency Repair,26707,89284,2025-07-28T08:55:08.729710
maint_467,vehicle_26,vendor_maint_3,Regular Service,39466,43190,2025-07-29T12:32:28.613574
maint_468,vehicle_51,vendor_maint_50,Emergency Repair,31696,180957,2025-07-29T21:39:12.057406
maint_469,vehicle_9,vendor_maint_12,Oil Change,25058,135068,2025-07-28T17:32:27.610986
maint_470,vehicle_12,vendor_maint_1,Emergency Repair,25304,168698,2025-07-31T06:17:04.694059
maint_471,vehicle_48,vendor_maint_33,Regular Service,39329,129986,2025-07-30T22:36:08.693068
maint_472,vehicle_42,vendor_maint_1,Tyre Replacement,12663,134010,2025-07-31T15:06:56.307935
maint_473,vehicle_69,vendor_maint_22,Regular Service,31194,181648,2025-07-31T17:30:00.370276
maint_474,vehicle_46,vendor_maint_13,Emergency Repair,11382,43023,2025-07-31T10:18:36.246478
maint_475,vehicle_51,vendor_maint_16,Tyre Replacement,34416,182342,2025-08-01T21:59:38.825178
maint_476,vehicle_32,vendor_maint_30,Emergency Repair,16184,161096,2025-08-02T09:34:21.534447
maint_477,vehicle_29,vendor_maint_27,Regular Service,19733,79076,2025-08-02T17:56:57.611395
maint_478,vehicle_49,vendor_maint_46,Emergency Repair,40430,94953,2025-08-01T15:29:04.056744
maint_479,vehicle_59,vendor_maint_5,Tyre Replacement,43325,99966,2025-08-03T14:32:51.715848
maint_480,vehicle_53,vendor_maint_32,Regular Service,27985,120382,2025-08-02T20:17:32.572638
maint_481,vehicle_25,vendor_maint_9,Brake Service,40348,165562,2025-08-04T14:59:22.752685
maint_482,vehicle_5,vendor_maint_13,Oil Change,19176,95138,2025-08-04T04:17:25.816249
maint_483,vehicle_23,vendor_maint_49,Brake Service,5982,152936,2025-08-03T22:41:55.097841
maint_484,vehicle_29,vendor_maint_9,Brake Service,42491,79776,2025-08-05T14:18:59.115495
maint_485,vehicle_22,vendor_maint_14,Oil Change,42223,91759,2025-08-06T07:57:17.671625
maint_486,vehicle_45,vendor_maint_19,Tyre Replacement,27432,150001,2025-08-06T18:42:12.182565
maint_487,vehicle_57,vendor_maint_22,Emergency Repair,26482,88154,2025-08-07T22:49:51.601312
maint_488,vehicle_8,vendor_maint_22,Regular Service,34593,179902,2025-08-08T00:14:47.226190
maint_489,vehicle_31,vendor_maint_10,Tyre Replacement,19269,57943,2025-08-08T05:15:51.399288
maint_490,vehicle_9,vendor_maint_39,Brake Service,16322,138782,2025-08-08T20:19:27.236462
maint_491,vehicle_59,vendor_maint_46,Regular Service,30712,100521,2025-08-09T21:44:51.067184
maint_492,vehicle_67,vendor_maint_21,Brake Service,28386,161863,2025-08-11T09:12:13.944366
maint_493,vehicle_3,vendor_maint_41,Regular Service,16544,150610,2025-08-10T19:14:49.360919
maint_494,vehicle_12,vendor_maint_16,Regular Service,27983,170356,2025-08-11T04:34:35.553666
maint_495,vehicle_61,vendor_maint_26,Emergency Repair,9966,74149,2025-08-10T23:44:34.230582
maint_496,vehicle_62,vendor_maint_4,Emergency Repair,9670,44769,2025-08-12T06:08:06.082522
maint_497,vehicle_70,vendor_maint_29,Emergency Repair,26930,61375,2025-08-11T14:53:42.944651
maint_498,vehicle_35,vendor_maint_15,Tyre Replacement,13019,146846,2025-08-12T14:12:58.690952
maint_499,vehicle_62,vendor_maint_27,Oil Change,42509,45712,2025-08-12T21:12:18.753186
maint_500,vehicle_42,vendor_maint_47,Tyre Replacement,6889,137018,2025-08-14T04:10:08.825825
maint_501,vehicle_7,vendor_maint_7,Emergency Repair,43561,184607,2025-08-15T09:16:23.347266
maint_502,vehicle_20,vendor_maint_41,Oil Change,11796,79684,2025-08-15T10:51:53.104388
maint_503,vehicle_30,vendor_maint_46,Tyre Replacement,35781,78830,2025-08-15T11:39:02.386559
maint_504,vehicle_47,vendor_maint_7,Emergency Repair,33257,57758,2025-08-16T11:00:49.417020
maint_505,vehicle_17,vendor_maint_19,Oil Change,24544,131168,2025-08-16T09:00:29.613967
maint_506,vehicle_7,vendor_maint_28,Brake Service,16893,186422,2025-08-17T00:28:16.274074
maint_507,vehicle_68,vendor_maint_21,Oil Change,10318,99210,2025-08-17T03:56:41.223555
maint_508,vehicle_20,vendor_maint_24,Brake Service,15599,81006,2025-08-17T13:32:52.011515
maint_509,vehicle_69,vendor_maint_23,Emergency Repair,23425,186068,2025-08-17T15:12:17.453150
maint_510,vehicle_21,vendor_maint_38,Oil Change,7059,87591,2025-08-17T19:51:38.878479
maint_511,vehicle_58,vendor_maint_14,Regular Service,26520,120600,2025-08-18T00:23:16.393666
maint_512,vehicle_36,vendor_maint_11,Tyre Replacement,26812,66498,2025-08-18T17:18:56.072000
maint_513,vehicle_57,vendor_maint_30,Emergency Repair,12149,90605,2025-08-19T20:08:42.401775
maint_514,vehicle_6,vendor_maint_11,Emergency Repair,42071,150454,2025-08-20T11:33:55.953273
maint_515,vehicle_9,vendor_maint_13,Brake Service,34906,141202,2025-08-20T19:04:19.654622
maint_516,vehicle_49,vendor_maint_25,Emergency Repair,21549,97169,2025-08-19T14:37:00.650315
maint_517,vehicle_60,vendor_maint_25,Oil Change,33076,136461,2025-08-22T04:00:09.653830
maint_518,vehicle_28,vendor_maint_5,Regular Service,35626,51250,2025-08-21T05:17:43.063893
maint_519,vehicle_55,vendor_maint_45,Brake Service,8107,66836,2025-08-22T09:31:13.666644
maint_520,vehicle_59,vendor_maint_48,Brake Service,22175,105617,2025-08-21T23:32:10.193478
maint_521,vehicle_20,vendor_maint_42,Brake Service,13937,82122,2025-08-22T14:52:06.422921
maint_522,vehicle_56,vendor_maint_3,Emergency Repair,15660,96653,2025-08-23T03:34:55.648159
maint_523,vehicle_24,vendor_maint_44,Brake Service,11644,148349,2025-08-23T01:41:34.206884
maint_524,vehicle_34,vendor_maint_14,Brake Service,21500,98615,2025-08-22T20:20:20.912957
maint_525,vehicle_45,vendor_maint_15,Oil Change,14628,155398,2025-08-23T13:47:36.047491
maint_526,vehicle_26,vendor_maint_48,Oil Change,15159,46709,2025-08-24T04:03:05.299374
maint_527,vehicle_38,vendor_maint_50,Tyre Replacement,30341,112265,2025-08-24T05:37:30.808058
maint_528,vehicle_54,vendor_maint_48,Brake Service,31053,161231,2025-08-24T15:51:41.271204
maint_529,vehicle_51,vendor_maint_49,Regular Service,34866,187458,2025-08-26T13:43:34.037657
maint_530,vehicle_1,vendor_maint_46,Tyre Replacement,43879,172386,2025-08-26T09:04:45.769571
maint_531,vehicle_67,vendor_maint_38,Tyre Replacement,43094,165477,2025-08-26T03:28:43.887636
maint_532,vehicle_42,vendor_maint_27,Regular Service,10769,139040,2025-08-26T02:55:37.279614
maint_533,vehicle_25,vendor_maint_13,Emergency Repair,6157,170763,2025-08-26T15:37:03.750257
maint_534,vehicle_42,vendor_maint_6,Regular Service,44926,140213,2025-08-27T05:39:33.767597
maint_535,vehicle_30,vendor_maint_4,Emergency Repair,33187,84131,2025-08-26T12:25:24.607985
maint_536,vehicle_27,vendor_maint_37,Regular Service,10065,110219,2025-08-26T13:48:17.796961
maint_537,vehicle_24,vendor_maint_33,Emergency Repair,42247,148592,2025-08-28T03:57:18.068831
maint_538,vehicle_31,vendor_maint_8,Regular Service,31345,61805,2025-08-28T12:38:31.852816
maint_539,vehicle_55,vendor_maint_19,Emergency Repair,40394,67919,2025-08-27T22:40:12.705322
maint_540,vehicle_31,vendor_maint_30,Oil Change,25263,62156,2025-08-28T06:55:18.054636
maint_541,vehicle_27,vendor_maint_5,Emergency Repair,33439,111267,2025-08-29T02:07:54.023925
maint_542,vehicle_60,vendor_maint_15,Tyre Replacement,18929,136699,2025-08-28T16:13:55.231878
maint_543,vehicle_22,vendor_maint_5,Oil Change,32707,97872,2025-08-29T00:53:49.864163
maint_544,vehicle_60,vendor_maint_20,Emergency Repair,35486,137578,2025-08-29T19:23:17.550181
maint_545,vehicle_31,vendor_maint_11,Brake Service,19507,63201,2025-08-30T01:45:21.103448
maint_546,vehicle_1,vendor_maint_1,Oil Change,31936,172487,2025-08-31T00:56:53.022913
maint_547,vehicle_22,vendor_maint_34,Emergency Repair,10712,100504,2025-08-30T18:44:29.161039
maint_548,vehicle_2,vendor_maint_29,Brake Service,6710,62831,2025-08-31T01:33:22.933412
maint_549,vehicle_26,vendor_maint_9,Tyre Replacement,11046,49421,2025-09-01T12:30:47.393306
maint_550,vehicle_28,vendor_maint_19,Tyre Replacement,40120,54748,2025-09-03T01:56:44.345352
maint_551,vehicle_23,vendor_maint_26,Regular Service,28013,158882,2025-09-02T21:04:22.411897
maint_552,vehicle_46,vendor_maint_28,Emergency Repair,41847,46162,2025-09-03T04:00:01.633438
maint_553,vehicle_20,vendor_maint_22,Tyre Replacement,19517,83407,2025-09-05T05:53:51.661755
maint_554,vehicle_9,vendor_maint_30,Emergency Repair,7873,141773,2025-09-04T07:35:08.504073
maint_555,vehicle_10,vendor_maint_4,Oil Change,28389,60419,2025-09-04T09:46:34.217024
maint_556,vehicle_17,vendor_maint_31,Oil Change,25527,133701,2025-09-04T12:38:45.415158
maint_557,vehicle_15,vendor_maint_32,Regular Service,44935,86596,2025-09-03T11:06:18.957678
maint_558,vehicle_58,vendor_maint_22,Brake Service,30803,125189,2025-09-05T07:28:15.379417
maint_559,vehicle_35,vendor_maint_34,Brake Service,44192,148322,2025-09-05T08:14:49.021529
maint_560,vehicle_49,vendor_maint_17,Emergency Repair,28680,99685,2025-09-06T08:04:11.030132
maint_561,vehicle_43,vendor_maint_17,Regular Service,27756,89565,2025-09-05T23:12:39.192725
maint_562,vehicle_4,vendor_maint_3,Brake Service,42831,102259,2025-09-05T23:34:59.534969
maint_563,vehicle_42,vendor_maint_50,Regular Service,24724,145125,2025-09-07T17:23:43.093621
maint_564,vehicle_24,vendor_maint_17,Brake Service,13969,152423,2025-09-07T13:39:32.356720
maint_565,vehicle_27,vendor_maint_5,Emergency Repair,28601,112478,2025-09-07T05:34:31.570038
maint_566,vehicle_70,vendor_maint_25,Oil Change,26773,62434,2025-09-08T01:21:29.773812
maint_567,vehicle_55,vendor_maint_39,Emergency Repair,11851,70523,2025-09-07T10:48:29.068585
maint_568,vehicle_70,vendor_maint_8,Oil Change,37366,63223,2025-09-08T06:07:21.804240
maint_569,vehicle_58,vendor_maint_50,Brake Service,8395,128137,2025-09-09T04:31:58.943001
maint_570,vehicle_9,vendor_maint_19,Tyre Replacement,10497,143248,2025-09-09T18:58:57.563356
maint_571,vehicle_37,vendor_maint_39,Brake Service,42965,161189,2025-09-10T06:34:51.175837
maint_572,vehicle_17,vendor_maint_15,Brake Service,42550,134109,2025-09-10T00:38:27.767974
maint_573,vehicle_48,vendor_maint_43,Brake Service,18376,131355,2025-09-10T23:23:58.190013
maint_574,vehicle_31,vendor_maint_31,Tyre Replacement,42270,66721,2025-09-11T14:08:16.010686
maint_575,vehicle_49,vendor_maint_28,Brake Service,16086,103765,2025-09-11T16:12:00.345175
maint_576,vehicle_51,vendor_maint_14,Oil Change,15257,188390,2025-09-12T04:16:36.911420
maint_577,vehicle_67,vendor_maint_20,Brake Service,29988,167316,2025-09-12T05:54:47.776480
maint_578,vehicle_53,vendor_maint_30,Brake Service,11896,126076,2025-09-12T18:26:03.171263
maint_579,vehicle_69,vendor_maint_29,Tyre Replacement,20938,188554,2025-09-11T10:10:06.064210
maint_580,vehicle_22,vendor_maint_13,Oil Change,33386,101761,2025-09-12T11:33:29.876875
maint_581,vehicle_28,vendor_maint_30,Emergency Repair,14278,55528,2025-09-13T07:16:56.203172
maint_582,vehicle_23,vendor_maint_35,Oil Change,43499,161493,2025-09-14T10:33:32.473849
maint_583,vehicle_18,vendor_maint_20,Tyre Replacement,16274,132204,2025-09-14T10:02:34.810762
maint_584,vehicle_61,vendor_maint_40,Brake Service,19954,80403,2025-09-15T21:19:17.809709
maint_585,vehicle_29,vendor_maint_34,Tyre Replacement,44798,81160,2025-09-14T13:56:02.171186
maint_586,vehicle_5,vendor_maint_32,Regular Service,38223,103222,2025-09-15T17:43:23.836616
maint_587,vehicle_27,vendor_maint_22,Tyre Replacement,5802,113494,2025-09-16T05:32:26.575031
maint_588,vehicle_61,vendor_maint_48,Emergency Repair,35566,81610,2025-09-16T05:00:21.075496
maint_589,vehicle_63,vendor_maint_12,Oil Change,42468,104411,2025-09-17T10:54:29.022580
maint_590,vehicle_34,vendor_maint_24,Oil Change,44460,105859,2025-09-17T16:07:08.209548
maint_591,vehicle_12,vendor_maint_30,Emergency Repair,8159,178548,2025-09-16T20:40:00.591089
maint_592,vehicle_8,vendor_maint_39,Tyre Replacement,34649,189153,2025-09-17T14:27:21.070234
maint_593,vehicle_5,vendor_maint_45,Oil Change,28102,103745,2025-09-18T08:04:02.075557
maint_594,vehicle_24,vendor_maint_12,Regular Service,11187,152570,2025-09-17T16:39:57.517801
maint_595,vehicle_62,vendor_maint_33,Oil Change,8238,52646,2025-09-17T19:06:07.988540
maint_596,vehicle_28,vendor_maint_19,Tyre Replacement,39116,57373,2025-09-17T21:42:14.204241
maint_597,vehicle_64,vendor_maint_10,Tyre Replacement,23309,106087,2025-09-18T22:14:45.800404
maint_598,vehicle_8,vendor_maint_47,Regular Service,10796,189670,2025-09-18T00:51:24.322790
maint_599,vehicle_58,vendor_maint_50,Brake Service,8711,131184,2025-09-19T23:51:29.696048
maint_600,vehicle_1,vendor_maint_36,Brake Service,30370,174023,2025-09-20T07:43:29.684496
maint_601,vehicle_69,vendor_maint_38,Brake Service,9353,190173,2025-09-20T01:30:29.424799
maint_602,vehicle_26,vendor_maint_27,Tyre Replacement,34037,50663,2025-09-21T22:29:19.503892
maint_603,vehicle_2,vendor_maint_33,Brake Service,12704,66574,2025-09-22T01:24:30.604546
maint_604,vehicle_2,vendor_maint_36,Brake Service,26579,67547,2025-09-22T03:15:00.227812
maint_605,vehicle_55,vendor_maint_4,Oil Change,24721,73699,2025-09-23T06:19:17.773408
maint_606,vehicle_37,vendor_maint_36,Tyre Replacement,17226,162569,2025-09-23T10:10:36.442738
maint_607,vehicle_45,vendor_maint_2,Tyre Replacement,33358,158939,2025-09-23T07:40:14.204960
maint_608,vehicle_48,vendor_maint_6,Brake Service,42976,133456,2025-09-23T00:48:19.365772
maint_609,vehicle_6,vendor_maint_38,Regular Service,36789,156415,2025-09-24T10:26:33.925062
maint_610,vehicle_32,vendor_maint_25,Emergency Repair,21944,164310,2025-09-23T09:00:56.704991
maint_611,vehicle_32,vendor_maint_29,Tyre Replacement,40308,165073,2025-09-26T14:36:02.463976
maint_612,vehicle_58,vendor_maint_7,Oil Change,23987,133364,2025-09-25T16:34:40.339426
maint_613,vehicle_62,vendor_maint_2,Emergency Repair,30639,54850,2025-09-26T04:50:05.379446
maint_614,vehicle_31,vendor_maint_32,Regular Service,23547,70576,2025-09-26T21:04:01.250060
maint_615,vehicle_33,vendor_maint_47,Oil Change,24694,159360,2025-09-27T21:50:38.342467
maint_616,vehicle_39,vendor_maint_11,Emergency Repair,37910,159113,2025-09-27T01:11:30.819519
maint_617,vehicle_8,vendor_maint_27,Regular Service,20363,191362,2025-09-27T15:48:32.832027
maint_618,vehicle_10,vendor_maint_25,Regular Service,29384,69176,2025-09-29T20:56:18.044356
maint_619,vehicle_15,vendor_maint_20,Oil Change,18529,90849,2025-09-30T15:03:21.652510
maint_620,vehicle_69,vendor_maint_47,Regular Service,17725,190458,2025-09-30T19:19:47.440999
maint_621,vehicle_68,vendor_maint_29,Brake Service,28294,103921,2025-10-01T14:05:37.479346
maint_622,vehicle_20,vendor_maint_49,Tyre Replacement,21423,88973,2025-10-02T14:41:06.887443
maint_623,vehicle_21,vendor_maint_9,Brake Service,22863,93907,2025-10-02T16:34:03.777808
maint_624,vehicle_45,vendor_maint_34,Brake Service,44345,159225,2025-10-01T14:46:43.335068
maint_625,vehicle_62,vendor_maint_12,Oil Change,40813,56078,2025-10-03T01:17:14.102189
maint_626,vehicle_31,vendor_maint_46,Tyre Replacement,7250,72729,2025-10-03T04:10:01.910480
maint_627,vehicle_58,vendor_maint_50,Tyre Replacement,12239,134570,2025-10-02T20:44:39.536565
maint_628,vehicle_6,vendor_maint_42,Regular Service,32192,158247,2025-10-03T06:56:06.001359
maint_629,vehicle_15,vendor_maint_42,Emergency Repair,9165,91826,2025-10-02T21:04:43.128944
maint_630,vehicle_14,vendor_maint_36,Brake Service,8771,142046,2025-10-04T12:03:48.173905
maint_631,vehicle_25,vendor_maint_22,Brake Service,22736,179815,2025-10-04T23:12:13.245667
maint_632,vehicle_1,vendor_maint_40,Brake Service,23967,175448,2025-10-05T09:14:47.307536
maint_633,vehicle_34,vendor_maint_35,Brake Service,17001,110027,2025-10-05T21:16:57.141214
maint_634,vehicle_36,vendor_maint_12,Oil Change,7197,70243,2025-10-05T15:39:56.207750
maint_635,vehicle_62,vendor_maint_31,Emergency Repair,9776,57624,2025-10-06T19:35:17.544453
maint_636,vehicle_59,vendor_maint_42,Oil Change,25270,113817,2025-10-07T07:55:25.717124
maint_637,vehicle_19,vendor_maint_37,Regular Service,12960,77960,2025-10-08T07:55:16.264098
maint_638,vehicle_28,vendor_maint_46,Regular Service,23848,61703,2025-10-07T14:03:35.329439
maint_639,vehicle_24,vendor_maint_1,Emergency Repair,35261,155911,2025-10-08T04:50:41.992111
maint_640,vehicle_37,vendor_maint_41,Oil Change,43044,166646,2025-10-09T00:47:14.029105
maint_641,vehicle_41,vendor_maint_28,Brake Service,31741,104878,2025-10-09T13:24:23.889778
maint_642,vehicle_61,vendor_maint_34,Emergency Repair,44884,85172,2025-10-09T05:21:24.637806
maint_643,vehicle_30,vendor_maint_20,Regular Service,21936,91222,2025-10-09T13:55:02.332042
maint_644,vehicle_7,vendor_maint_50,Tyre Replacement,27377,192228,2025-10-11T01:36:45.322347
maint_645,vehicle_39,vendor_maint_29,Oil Change,9471,160399,2025-10-09T09:10:39.283288
maint_646,vehicle_18,vendor_maint_44,Tyre Replacement,22885,143125,2025-10-10T11:15:17.812102
maint_647,vehicle_22,vendor_maint_6,Regular Service,43269,106442,2025-10-11T04:48:47.475214
maint_648,vehicle_53,vendor_maint_40,Brake Service,44660,130661,2025-10-12T03:37:18.069892
maint_649,vehicle_26,vendor_maint_5,Emergency Repair,10835,54396,2025-10-13T05:59:38.685972
maint_650,vehicle_49,vendor_maint_33,Regular Service,37324,111123,2025-10-13T02:04:08.449645
maint_651,vehicle_69,vendor_maint_21,Brake Service,36476,191603,2025-10-14T00:09:50.759148
maint_652,vehicle_39,vendor_maint_39,Regular Service,42617,163121,2025-10-13T08:38:49.674371
maint_653,vehicle_13,vendor_maint_25,Brake Service,37119,197878,2025-10-13T15:38:59.624632
maint_654,vehicle_28,vendor_maint_6,Regular Service,41712,64207,2025-10-15T12:39:37.082350
maint_655,vehicle_40,vendor_maint_49,Emergency Repair,15239,51224,2025-10-15T20:08:21.996599
maint_656,vehicle_38,vendor_maint_11,Brake Service,5729,123094,2025-10-15T23:16:19.486063
maint_657,vehicle_56,vendor_maint_42,Oil Change,18029,101681,2025-10-16T12:52:00.415596
maint_658,vehicle_49,vendor_maint_26,Brake Service,33138,112150,2025-10-16T23:44:08.420349
maint_659,vehicle_15,vendor_maint_3,Tyre Replacement,15336,93512,2025-10-16T02:15:50.338957
maint_660,vehicle_26,vendor_maint_15,Regular Service,26735,55447,2025-10-18T22:26:38.747196
maint_661,vehicle_68,vendor_maint_6,Brake Service,31827,106667,2025-10-17T22:59:13.246182
maint_662,vehicle_40,vendor_maint_27,Oil Change,44853,52062,2025-10-18T16:57:51.374175
maint_663,vehicle_52,vendor_maint_9,Oil Change,21047,138646,2025-10-17T21:42:39.373315
maint_664,vehicle_4,vendor_maint_32,Tyre Replacement,21310,105014,2025-10-18T09:39:11.369255
maint_665,vehicle_32,vendor_maint_43,Tyre Replacement,10584,168852,2025-10-20T14:52:51.742462
maint_666,vehicle_66,vendor_maint_29,Tyre Replacement,13149,99857,2025-10-21T01:42:59.793034
maint_667,vehicle_60,vendor_maint_15,Regular Service,41348,147694,2025-10-21T09:30:43.254818
maint_668,vehicle_10,vendor_maint_48,Oil Change,41791,72445,2025-10-22T01:20:20.253811
maint_669,vehicle_65,vendor_maint_23,Oil Change,31074,148959,2025-10-22T00:34:17.306189
maint_670,vehicle_35,vendor_maint_35,Emergency Repair,11028,152312,2025-10-22T13:58:49.811005
maint_671,vehicle_43,vendor_maint_37,Brake Service,30217,95560,2025-10-23T10:42:02.055373
maint_672,vehicle_62,vendor_maint_33,Oil Change,40940,60968,2025-10-23T21:15:45.719794
maint_673,vehicle_44,vendor_maint_13,Oil Change,28976,123205,2025-10-23T15:26:26.596538
maint_674,vehicle_7,vendor_maint_45,Regular Service,25483,194014,2025-10-23T17:12:05.176958
maint_675,vehicle_11,vendor_maint_32,Oil Change,13649,203546,2025-10-24T05:41:55.662891
maint_676,vehicle_4,vendor_maint_43,Emergency Repair,14077,108697,2025-10-25T16:49:51.509094
maint_677,vehicle_60,vendor_maint_25,Emergency Repair,23056,148336,2025-10-25T06:47:57.079928
maint_678,vehicle_25,vendor_maint_16,Brake Service,8887,182871,2025-10-26T21:44:20.596259
maint_679,vehicle_30,vendor_maint_24,Tyre Replacement,11904,94120,2025-10-27T01:43:21.930057
maint_680,vehicle_42,vendor_maint_31,Regular Service,6579,152700,2025-10-27T15:55:49.698933
maint_681,vehicle_64,vendor_maint_6,Regular Service,43944,112165,2025-10-27T20:21:13.163050
maint_682,vehicle_51,vendor_maint_30,Emergency Repair,14243,194032,2025-10-27T12:37:04.305790
maint_683,vehicle_12,vendor_maint_39,Emergency Repair,5235,183112,2025-10-28T17:26:35.408917
maint_684,vehicle_12,vendor_maint_11,Tyre Replacement,11626,183569,2025-10-27T18:30:32.218167
maint_685,vehicle_4,vendor_maint_44,Oil Change,28732,109959,2025-10-30T04:50:20.473160
maint_686,vehicle_2,vendor_maint_29,Brake Service,43907,72516,2025-10-29T23:18:20.829594
maint_687,vehicle_9,vendor_maint_29,Emergency Repair,34968,152163,2025-10-30T19:01:21.576819
maint_688,vehicle_45,vendor_maint_13,Tyre Replacement,42674,161428,2025-10-30T22:00:47.553557
maint_689,vehicle_48,vendor_maint_2,Tyre Replacement,28942,135896,2025-10-30T15:26:08.975424
maint_690,vehicle_60,vendor_maint_38,Regular Service,39040,149852,2025-11-01T06:14:27.230067
maint_691,vehicle_65,vendor_maint_10,Regular Service,20475,150242,2025-11-02T16:51:01.644550
maint_692,vehicle_26,vendor_maint_27,Emergency Repair,17939,57905,2025-11-02T04:33:55.249013
maint_693,vehicle_7,vendor_maint_1,Tyre Replacement,29767,199166,2025-11-03T12:54:24.873227
maint_694,vehicle_30,vendor_maint_42,Regular Service,42175,94945,2025-11-03T01:22:30.323807
maint_695,vehicle_51,vendor_maint_12,Brake Service,39529,196807,2025-11-02T18:14:12.842834
maint_696,vehicle_57,vendor_maint_43,Brake Service,33801,99452,2025-11-04T20:14:05.855036
maint_697,vehicle_60,vendor_maint_36,Emergency Repair,20447,152820,2025-11-03T06:08:53.137439
maint_698,vehicle_59,vendor_maint_16,Tyre Replacement,37086,123049,2025-11-05T14:31:02.089130
maint_699,vehicle_23,vendor_maint_23,Emergency Repair,32170,169251,2025-11-05T08:51:09.666313
maint_700,vehicle_65,vendor_maint_45,Oil Change,24394,151977,2025-11-07T03:15:08.780772
maint_701,vehicle_12,vendor_maint_4,Tyre Replacement,14081,185586,2025-11-07T19:02:27.242948
maint_702,vehicle_61,vendor_maint_20,Regular Service,38943,88371,2025-11-08T05:20:24.254112
maint_703,vehicle_35,vendor_maint_45,Brake Service,28397,157643,2025-11-08T11:28:45.610228
maint_704,vehicle_9,vendor_maint_48,Regular Service,8389,153775,2025-11-10T23:43:08.509703
maint_705,vehicle_18,vendor_maint_13,Oil Change,22654,147661,2025-11-14T05:35:30.788125
maint_706,vehicle_3,vendor_maint_34,Regular Service,39682,162581,2025-11-14T19:52:52.560155
maint_707,vehicle_31,vendor_maint_47,Emergency Repair,6995,78506,2025-11-14T18:54:35.876519
maint_708,vehicle_47,vendor_maint_34,Oil Change,28098,69039,2025-11-16T17:04:51.854262
maint_709,vehicle_40,vendor_maint_2,Oil Change,36618,56719,2025-11-15T18:12:45.523273
maint_710,vehicle_3,vendor_maint_37,Brake Service,31714,164355,2025-11-17T09:59:30.712763
maint_711,vehicle_52,vendor_maint_5,Oil Change,13604,145443,2025-11-17T06:19:28.092073
maint_712,vehicle_53,vendor_maint_2,Tyre Replacement,40232,131792,2025-11-18T06:00:20.438481
maint_713,vehicle_45,vendor_maint_40,Emergency Repair,32458,162222,2025-11-19T13:10:35.109690
maint_714,vehicle_27,vendor_maint_5,Tyre Replacement,15096,123476,2025-11-18T05:51:29.049992
maint_715,vehicle_1,vendor_maint_49,Emergency Repair,37782,185929,2025-11-20T15:26:50.776370
maint_716,vehicle_19,vendor_maint_4,Oil Change,30416,82978,2025-11-20T12:17:14.277002
maint_717,vehicle_38,vendor_maint_19,Oil Change,16300,130712,2025-11-20T07:14:04.632560
maint_718,vehicle_16,vendor_maint_25,Brake Service,17587,187266,2025-11-19T16:54:41.272767
maint_719,vehicle_34,vendor_maint_46,Oil Change,28196,116269,2025-11-23T10:28:41.222109
maint_720,vehicle_3,vendor_maint_6,Brake Service,20601,165496,2025-11-22T16:02:42.181252
maint_721,vehicle_12,vendor_maint_11,Brake Service,42756,185989,2025-11-22T13:15:07.063312
maint_722,vehicle_19,vendor_maint_49,Brake Service,26329,83957,2025-11-24T16:14:39.668421
maint_723,vehicle_48,vendor_maint_40,Brake Service,23932,138206,2025-11-24T06:22:57.026018
maint_724,vehicle_70,vendor_maint_12,Oil Change,34200,72208,2025-11-25T06:11:35.795013
maint_725,vehicle_32,vendor_maint_13,Brake Service,35966,169893,2025-11-25T06:34:34.922489
maint_726,vehicle_25,vendor_maint_3,Brake Service,22982,187873,2025-11-25T07:54:45.551309
maint_727,vehicle_42,vendor_maint_23,Regular Service,20004,155335,2025-11-24T23:32:04.796533
maint_728,vehicle_7,vendor_maint_48,Regular Service,41864,205404,2025-11-25T17:48:32.633338
maint_729,vehicle_35,vendor_maint_16,Brake Service,23822,161985,2025-11-26T16:12:31.444856
maint_730,vehicle_28,vendor_maint_44,Brake Service,27656,73221,2025-11-25T08:01:08.986051
maint_731,vehicle_26,vendor_maint_22,Oil Change,11686,62906,2025-11-26T01:52:36.663727
maint_732,vehicle_28,vendor_maint_4,Regular Service,34518,73960,2025-11-26T23:48:31.104308
maint_733,vehicle_16,vendor_maint_47,Brake Service,11816,188856,2025-11-26T18:55:56.117101
maint_734,vehicle_2,vendor_maint_13,Regular Service,15204,79467,2025-11-28T07:01:28.370137
maint_735,vehicle_5,vendor_maint_42,Emergency Repair,13257,110454,2025-11-28T08:25:25.359746
maint_736,vehicle_36,vendor_maint_11,Regular Service,24615,81489,2025-11-27T23:36:41.180661
maint_737,vehicle_33,vendor_maint_12,Oil Change,41589,165008,2025-11-27T08:40:01.957306
maint_738,vehicle_41,vendor_maint_5,Brake Service,6058,110516,2025-11-28T00:58:43.428230
maint_739,vehicle_38,vendor_maint_35,Oil Change,41980,130890,2025-11-28T22:26:47.345630
maint_740,vehicle_29,vendor_maint_42,Emergency Repair,32530,88528,2025-11-30T03:41:36.556780
maint_741,vehicle_44,vendor_maint_9,Regular Service,31453,126864,2025-12-01T22:06:08.805494
maint_742,vehicle_63,vendor_maint_5,Brake Service,25352,116609,2025-11-30T22:45:36.298316
maint_743,vehicle_41,vendor_maint_47,Regular Service,27882,110874,2025-11-30T08:58:57.760602
maint_744,vehicle_26,vendor_maint_1,Regular Service,17220,63776,2025-12-02T02:44:18.296243
maint_745,vehicle_43,vendor_maint_18,Regular Service,43103,99864,2025-12-01T12:07:18.147590
maint_746,vehicle_21,vendor_maint_32,Oil Change,31701,103823,2025-12-01T17:16:40.110656
maint_747,vehicle_21,vendor_maint_38,Regular Service,19089,105058,2025-12-03T16:56:47.977532
maint_748,vehicle_19,vendor_maint_39,Brake Service,9914,86024,2025-12-04T10:15:27.787441
maint_749,vehicle_18,vendor_maint_20,Regular Service,11243,150133,2025-12-04T22:46:23.050495
maint_750,vehicle_52,vendor_maint_34,Oil Change,15116,148391,2025-12-05T15:59:00.804810
maint_751,vehicle_50,vendor_maint_26,Oil Change,27174,92797,2025-12-04T12:51:51.047933
maint_752,vehicle_68,vendor_maint_24,Emergency Repair,31003,111966,2025-12-04T18:41:32.733111
maint_753,vehicle_28,vendor_maint_47,Oil Change,28584,75078,2025-12-05T10:08:37.839912
maint_754,vehicle_34,vendor_maint_14,Regular Service,43785,118832,2025-12-06T13:04:31.926360
maint_755,vehicle_27,vendor_maint_39,Emergency Repair,21779,126288,2025-12-07T13:43:06.000044
maint_756,vehicle_44,vendor_maint_39,Regular Service,9838,127930,2025-12-07T11:53:46.180589
maint_757,vehicle_34,vendor_maint_34,Tyre Replacement,28115,121592,2025-12-08T23:07:42.505837
maint_758,vehicle_60,vendor_maint_49,Regular Service,24334,155513,2025-12-09T15:19:58.463062
maint_759,vehicle_52,vendor_maint_24,Emergency Repair,20915,148781,2025-12-08T19:49:08.244793
maint_760,vehicle_61,vendor_maint_38,Regular Service,24790,93100,2025-12-09T20:21:54.681677
maint_761,vehicle_33,vendor_maint_37,Tyre Replacement,24374,166862,2025-12-10T15:28:00.901495
maint_762,vehicle_66,vendor_maint_6,Emergency Repair,17680,109046,2025-12-10T02:29:14.330393
maint_763,vehicle_51,vendor_maint_1,Brake Service,37986,199154,2025-12-11T10:35:44.956537
maint_764,vehicle_48,vendor_maint_9,Tyre Replacement,27047,140864,2025-12-11T04:44:51.939350
maint_765,vehicle_12,vendor_maint_41,Tyre Replacement,15237,189138,2025-12-10T22:02:47.717067
maint_766,vehicle_47,vendor_maint_4,Regular Service,5318,73679,2025-12-11T23:50:59.481695
maint_767,vehicle_43,vendor_maint_25,Tyre Replacement,9633,101530,2025-12-12T07:05:44.940647
maint_768,vehicle_30,vendor_maint_48,Brake Service,12979,102958,2025-12-11T22:03:09.085531
maint_769,vehicle_69,vendor_maint_32,Emergency Repair,15689,198159,2025-12-12T09:24:34.687287
maint_770,vehicle_3,vendor_maint_36,Emergency Repair,21785,169855,2025-12-12T17:57:52.412987
maint_771,vehicle_49,vendor_maint_27,Oil Change,25470,121514,2025-12-13T10:34:54.069376
maint_772,vehicle_54,vendor_maint_45,Tyre Replacement,40693,179215,2025-12-12T17:03:27.812298
maint_773,vehicle_55,vendor_maint_18,Oil Change,23569,85827,2025-12-14T00:15:34.990384
maint_774,vehicle_8,vendor_maint_10,Emergency Repair,23018,203542,2025-12-15T09:41:35.522919
maint_775,vehicle_48,vendor_maint_44,Brake Service,40694,143356,2025-12-16T09:44:59.502762
maint_776,vehicle_32,vendor_maint_45,Regular Service,11915,172332,2025-12-15T21:25:38.611912
maint_777,vehicle_28,vendor_maint_19,Emergency Repair,19950,76391,2025-12-15T15:36:28.041422
maint_778,vehicle_31,vendor_maint_47,Brake Service,43718,84539,2025-12-15T23:56:11.772161
maint_779,vehicle_49,vendor_maint_41,Emergency Repair,19289,124247,2025-12-17T07:32:25.800124
maint_780,vehicle_40,vendor_maint_44,Brake Service,26487,60266,2025-12-16T23:42:16.533409
maint_781,vehicle_19,vendor_maint_7,Tyre Replacement,21585,87341,2025-12-18T22:03:55.994446
maint_782,vehicle_69,vendor_maint_39,Emergency Repair,26210,200319,2025-12-18T00:52:41.048500
maint_783,vehicle_40,vendor_maint_42,Tyre Replacement,21745,60892,2025-12-18T23:29:45.424967
maint_784,vehicle_29,vendor_maint_1,Brake Service,36534,93365,2025-12-19T05:29:34.241010
maint_785,vehicle_54,vendor_maint_43,Tyre Replacement,13125,179867,2025-12-20T01:55:03.384287
maint_786,vehicle_54,vendor_maint_28,Regular Service,29386,180281,2025-12-19T15:32:40.095560
maint_787,vehicle_44,vendor_maint_9,Regular Service,26204,130304,2025-12-21T15:14:05.413663
maint_788,vehicle_3,vendor_maint_10,Tyre Replacement,42661,171818,2025-12-20T17:08:23.914683
maint_789,vehicle_48,vendor_maint_34,Tyre Replacement,35728,144282,2025-12-22T12:45:14.731183
maint_790,vehicle_66,vendor_maint_20,Brake Service,14044,111666,2025-12-21T10:22:34.629249
maint_791,vehicle_50,vendor_maint_32,Oil Change,34603,94660,2025-12-21T12:07:12.322848
maint_792,vehicle_17,vendor_maint_32,Tyre Replacement,26900,147952,2025-12-22T02:21:48.946950
maint_793,vehicle_64,vendor_maint_3,Tyre Replacement,28982,117680,2025-12-22T15:33:39.959487
maint_794,vehicle_58,vendor_maint_14,Oil Change,38675,145273,2025-12-23T02:58:28.477178
maint_795,vehicle_13,vendor_maint_8,Tyre Replacement,39310,207399,2025-12-23T23:20:09.437780
maint_796,vehicle_18,vendor_maint_8,Emergency Repair,43170,156442,2025-12-23T04:10:53.001584
maint_797,vehicle_19,vendor_maint_21,Tyre Replacement,9020,91255,2025-12-25T13:24:14.775201
maint_798,vehicle_57,vendor_maint_4,Regular Service,7620,106780,2025-12-25T05:25:25.328847
maint_799,vehicle_36,vendor_maint_27,Regular Service,12060,87144,2025-12-25T13:49:41.802041
